{
  "hash": "ca772768",
  "configHash": "e3538926",
  "lockfileHash": "ecb11d4d",
  "browserHash": "035920ec",
  "optimized": {
    "@angular/common": {
      "src": "../../../../../node_modules/@angular/common/fesm2022/common.mjs",
      "file": "@angular_common.js",
      "fileHash": "205fee6b",
      "needsInterop": false
    },
    "@angular/core": {
      "src": "../../../../../node_modules/@angular/core/fesm2022/core.mjs",
      "file": "@angular_core.js",
      "fileHash": "521e3bac",
      "needsInterop": false
    },
    "@angular/forms": {
      "src": "../../../../../node_modules/@angular/forms/fesm2022/forms.mjs",
      "file": "@angular_forms.js",
      "fileHash": "8a5dbc14",
      "needsInterop": false
    },
    "@angular/platform-browser": {
      "src": "../../../../../node_modules/@angular/platform-browser/fesm2022/platform-browser.mjs",
      "file": "@angular_platform-browser.js",
      "fileHash": "f7e8b71e",
      "needsInterop": false
    },
    "@angular/router": {
      "src": "../../../../../node_modules/@angular/router/fesm2022/router.mjs",
      "file": "@angular_router.js",
      "fileHash": "67e7dec8",
      "needsInterop": false
    }
  },
  "chunks": {
    "chunk-NQ6D4ISP": {
      "file": "chunk-NQ6D4ISP.js"
    },
    "chunk-C2MIALNU": {
      "file": "chunk-C2MIALNU.js"
    },
    "chunk-ZQGDSIWM": {
      "file": "chunk-ZQGDSIWM.js"
    }
  }
}