{
  "hash": "b4467785",
  "configHash": "e9c76c77",
  "lockfileHash": "4de27e40",
  "browserHash": "bceeeed8",
  "optimized": {
    "@angular/core": {
      "src": "../../../../../node_modules/@angular/core/fesm2022/core.mjs",
      "file": "@angular_core.js",
      "fileHash": "65381eee",
      "needsInterop": false
    },
    "@angular/platform-browser": {
      "src": "../../../../../node_modules/@angular/platform-browser/fesm2022/platform-browser.mjs",
      "file": "@angular_platform-browser.js",
      "fileHash": "d8437c32",
      "needsInterop": false
    },
    "@angular/router": {
      "src": "../../../../../node_modules/@angular/router/fesm2022/router.mjs",
      "file": "@angular_router.js",
      "fileHash": "a1555426",
      "needsInterop": false
    }
  },
  "chunks": {
    "chunk-PLTXHCJV": {
      "file": "chunk-PLTXHCJV.js"
    },
    "chunk-4TZND4QJ": {
      "file": "chunk-4TZND4QJ.js"
    }
  }
}